{
    "type": "object",
    "title": "Transaction Information",
    "description": "The transaction information.",
    "x-visibility": {
        "extent": "LIMITED_RELEASE"
    },
    "properties": {
        "counterparty_account_id": {
            "description": "The ID of the PayPal account of the counterparty.",
            "$ref": "../common_components/v4/schema/json/openapi-2.0/account_id.json",
            "x-visibility": {
                "extent": "INTERNAL"
            }
        },
        "account_id": {
            "description": "The ID of the PayPal account of the subject/merchant.",
            "$ref": "../common_components/v4/schema/json/openapi-2.0/account_id.json"
        },
        "id": {
            "type": "string",
            "description": "The PayPal-generated transaction ID.",
            "readOnly": true,
            "maxLength": 24,
            "minLength": 12
        },
        "reference_id": {
            "type": "string",
            "description": "The PayPal-generated base ID. PayPal exclusive. Cannot be altered. Defined as a related, pre-existing transaction or event.",
            "maxLength": 24,
            "minLength": 0
        },
        "reference_id_type": {
            "type": "string",
            "description": "The PayPal reference ID type. Value is:<ul><li><code>ODR</code>. An order ID.</li><li><code>TXN</code>.</li></ul>",
            "maxLength": 3,
            "minLength": 0,
            "x-visibility": {
                "extent": "INTERNAL"
            }
        },
        "type": {
            "description": "Transaction event type Name.",
            "$ref": "partner_transaction_type.json"
        },
        "sub_type": {
            "description": "Transaction Event Subtype Name.",
            "$ref": "partner_transaction_sub_type.json"
        },
        "initiation_time": {
            "description": "The date and time when work on a transaction began in the PayPal system, as expressed in the UTC time zone. Specify the value in [Internet date and time format](https://tools.ietf.org/html/rfc3339#section-5.6).",
            "$ref": "../common_components/v4/schema/json/openapi-2.0/date_time.json"
        },
        "partner_timezone": {
            "description": "Partner timezone.",
            "$ref": "../common_components/v4/schema/json/openapi-2.0/time_zone.json"
        },
        "merchant_timezone": {
            "description": "Merchant timezone.",
            "$ref": "../common_components/v4/schema/json/openapi-2.0/time_zone.json"
        },
        "payment_instrument_type": {
            "type": "string",
            "maxLength": 30,
            "minLength": 0,
            "description": "A high-level classification of the type of financial instrument that was used to fund a payment. E.g. PAYPAL, CREDIT_CARD, DEBIT_CARD, APPLE_PAY, BANK or <a href=\"https://developer.paypal.com/docs/checkout/integration-features/alternative-payment-methods/\" title=\"Link to available APM list\">Alternative Payment Methods (APM)</a>."
        },
        "payment_instrument_sub_type": {
            "description": "A finer-grained classification of the financial instrument that was used to fund a payment. For example, VISA or MASTER_CARD for a credit card.",
            "$ref": "partner_payment_instrument_sub_type.json"
        },
        "payout_instrument_type": {
            "type": "string",
            "maxLength": 30,
            "minLength": 0,
            "description": "A high-level classification of the type of financial instrument that was used for Payout. E.g. `BANK`.",
            "x-enum": [
                {
                    "value": "BANK",
                    "description": "Payout to Bank Account."
                }
            ]
        },
        "payout_instrument_sub_type": {
            "type": "string",
            "maxLength": 30,
            "minLength": 0,
            "description": "A finer-grained classification of the financial instrument that was used for Payout."
        },
        "checkout_channel": {
            "type": "string",
            "maxLength": 100,
            "minLength": 0,
            "description": "Indicates if the payment happened through online or offline channel.",
            "x-enum": [
                {
                    "value": "POS_PPH",
                    "description": "Payment made using PayPal Here device."
                },
                {
                    "value": "ONLINE_PAYMENT",
                    "description": "Online payment using e-commerce platform."
                }
            ]
        },
        "delayed_disbursement": {
            "type": "boolean",
            "description": "Indicates whether the transcation is delayed disbursement or not. Values are `true` or `false`."
        },
        "disbursement_type": {
            "type": "string",
            "maxLength": 30,
            "minLength": 0,
            "description": "Disbursement type - PARTIAL or FULL.",
            "x-enum": [
                {
                    "value": "PARTIAL",
                    "description": "Partial disbursement of amount."
                },
                {
                    "value": "FULL",
                    "description": "Full disbursement of amount."
                }
            ],
            "x-visibility": {
                "extent": "INTERNAL"
            }
        },
        "amount": {
            "description": "The all-inclusive gross transaction amount that was transferred between the sender and receiver through PayPal.",
            "$ref": "../common_components/v4/schema/json/openapi-2.0/money.json"
        },
        "seller_amount": {
            "description": "The amount moved in or out of the merchant PayPal account.",
            "$ref": "../common_components/v4/schema/json/openapi-2.0/money.json"
        },
        "credit_transaction": {
            "type": "boolean",
            "description": "Indicates if money has been credited to the account. Values are `true` or empty."
        },
        "debit_transaction": {
            "type": "boolean",
            "description": "Indicates if money has been debited from the account. Values are `true` or empty."
        },
        "pending_disbursement_amount": {
            "description": "The amount which is pending for disbursement to Merchant PayPal account.",
            "$ref": "../common_components/v4/schema/json/openapi-2.0/money.json"
        },
        "hold_amount": {
            "description": "The amount which is kept on hold during disputes",
            "$ref": "../common_components/v4/schema/json/openapi-2.0/money.json"
        },
        "fees": {
            "type": "array",
            "description": "An array of transaction fee objects.",
            "maxItems": 10,
            "minItems": 0,
            "items": {
                "x-publicDocsSchemaName": "fees",
                "$ref": "partner_fee_info.json"
            }
        },
        "status": {
            "type": "string",
            "maxLength": 30,
            "minLength": 1,
            "description": "A code that indicates the transaction status.",
            "x-enum": [
                {
                    "value": "PENDING",
                    "description": "The transaction is pending. The transaction was created but waits for another payment process to complete, such as an ACH transaction, before the status changes to <code>S</code>"
                },
                {
                    "value": "SUCCESS",
                    "description": "The transaction successfully completed without a denial and after any pending statuses."
                }
            ],
            "x-visibility": {
                "extent": "INTERNAL"
            }
        },
        "invoice_id": {
            "type": "string",
            "description": "The invoice ID that is sent by the partner with the transaction.",
            "maxLength": 127,
            "minLength": 0
        },
        "custom_field": {
            "type": "string",
            "description": "The partner-provided custom text.",
            "maxLength": 127,
            "minLength": 0
        }
    }
}
