{
  "swagger": "2.0",
  "info": {
    "title": "Transaction Search",
    "x-publicDocsPath": "transaction-search",
    "x-serviceName": "dataapiserv",
    "description": "Use the Transaction Search API to get the history of transactions for a PayPal account. To use the API on behalf of third parties, you must be part of the PayPal partner network. Reach out to your partner manager for the next steps. To enroll in the partner program, see <a href=\"https://www.paypal.com/webapps/mpp/partner-program\">Partner with PayPal</a>. For more information about the API, see the <a href=\"/docs/integration/direct/transaction-search/\">Transaction Search API Integration Guide</a>.",
    "version": "1.6"
  },
  "host": "api.paypal.com",
  "basePath": "/v1/reporting",
  "schemes": [
    "https"
  ],
  "produces": [
    "application/json"
  ],
  "consumes": [
    "application/json"
  ],
  "securityDefinitions": {
    "Oauth2": {
      "type": "oauth2",
      "description": "Oauth 2.0 authentication",
      "flow": "application",
      "scopes": {
        "https://uri.paypal.com/services/reporting/search/read": "Transactions Search",
        "https://uri.paypal.com/services/reporting/balances/read": "List Balances"
      },
      "tokenUrl": "https://api.paypal.com/v1/oauth2/token"
    }
  },
  "paths": {
    "/transactions": {
      "get": {
        "summary": "List transactions",
        "description": "Lists transactions. Specify one or more query parameters to filter the transaction that appear in the response.<blockquote><strong>Notes:</strong> <ul><li>If you specify one or more optional query parameters, the <code>ending_balance</code> response field is empty.</li><li>It takes a maximum of three hours for executed transactions to appear in the list transactions call.</li><li>This call lists transaction for the previous three years.</li></ul></blockquote>",
        "operationId": "search.get",
        "responses": {
          "200": {
            "description": "A successful request returns the HTTP `200 OK` status code and a JSON response body that lists transactions .",
            "schema": {
              "$ref": "search_response.json"
            }
          },
          "default": {
            "description": "The error response.",
            "schema": {
              "$ref": "search_error.json"
            }
          }
        },
        "parameters": [
          {
            "name": "transaction_id",
            "in": "query",
            "description": "Filters the transactions in the response by a PayPal transaction ID. A valid transaction ID is 17 characters long, except for an <a href=\"/docs/api/payments/#definition-order\">order ID</a>, which is 19 characters long.<blockquote><strong>Note:</strong> A transaction ID is not unique in the reporting system. The response can list two transactions with the same ID. One transaction can be balance affecting while the other is non-balance affecting.</blockquote>",
            "type": "string",
            "minLength": 17,
            "maxLength": 19
          },
          {
            "name": "transaction_type",
            "in": "query",
            "description": "Filters the transactions in the response by a PayPal transaction event code. See [Transaction event codes](/docs/integration/direct/transaction-search/transaction-event-codes/).",
            "type": "string"
          },
          {
            "name": "transaction_status",
            "in": "query",
            "description": "Filters the transactions in the response by a PayPal transaction status code. Value is:<table><thead><tr><th>Status&nbsp;code</th><th>Description</th></tr></thead><tbody><tr><td><code>D</code></td><td>PayPal or merchant rules denied the transaction.</td></tr><tr><td><code>F</code></td><td>The original recipient partially refunded the transaction.</td></tr><tr><td><code>P</code></td><td>The transaction is pending. The transaction was created but waits for another payment process to complete, such as an ACH transaction, before the status changes to <code>S</code>.</td></tr><tr><td><code>S</code></td><td>The transaction successfully completed without a denial and after any pending statuses.</td></tr><tr><td><code>V</code></td><td>A successful transaction was reversed and funds were refunded to the original sender.</td></tr></tbody></table>",
            "type": "string"
          },
          {
            "name": "transaction_amount",
            "in": "query",
            "description": "Filters the transactions in the response by a gross transaction amount range. Specify the range as `<start-range> TO <end-range>`, where `<start-range>` is the lower limit of the gross PayPal transaction amount and `<end-range>` is the upper limit of the gross transaction amount. Specify the amounts in lower denominations. For example, to search for transactions from $5.00 to $10.05, specify `[500 TO 1005]`.<blockquote><strong>Note:</strong>The values must be URL encoded.</blockquote>",
            "type": "string"
          },
          {
            "name": "transaction_currency",
            "in": "query",
            "description": "Filters the transactions in the response by a [three-character ISO-4217 currency code](/docs/integration/direct/rest/currency-codes/) for the PayPal transaction currency.",
            "type": "string"
          },
          {
            "name": "transaction_date",
            "in": "query",
            "description": "Deprecated. Filters the transactions in the response by a PayPal transaction date, in [Internet date and time format](https://tools.ietf.org/html/rfc3339#section-5.6), with the from and to dates in ISO, URL-encoded format. For example: `[2012-12-15T17:55:29+0530 TO 2013-01-15T17:55:29+0530]`. The maximum supported range is 31 days. The maximum number of records in a single request is 10,000. If the account has more than 10,000 records for a specified date range, shorten the date range. The format of a date and time object is:<pre><var>YYYY</var>-<var>MM</var>-<var>DD</var>T<var>HH</var>:<var>MM</var>:<var>SS</var><var>OFFSET</var></pre>The maximum length is 25 characters. For example:<pre>2016-10-15T13:07:00+0000</pre>Where:<ul><li><code><var>YYYY</var></code>. The year.</li><li><code><var>MM</var></code>. The month.</li><li><code><var>DD</var></code>. The date.</li><li><code>T</code>. The actual character, <code>T</code>.</li><li><code><var>HH</var></code>. The hour in 24-hour format.</li><li><code><var>MM</var></code>. The minutes.</li><li><code><var>SS</var></code> The seconds.</li><li><code><var>OFFSET</var></code>. The five-character signed offset from GMT. For example, <code>+0800</code>.</li></ul>",
            "type": "string",
            "x-deprecated": {
              "since_version": "1.3",
              "see": "`start_date`, `end_date`"
            },
            "x-visibility": {
              "extent": "INTERNAL"
            }
          },
          {
            "name": "start_date",
            "in": "query",
            "description": "Filters the transactions in the response by a start date and time, in [Internet date and time format](https://tools.ietf.org/html/rfc3339#section-5.6). Seconds are required. Fractional seconds are optional.",
            "type": "string",
            "minLength": 20,
            "maxLength": 64,
            "pattern": "^[0-9]{4}-(0[1-9]|1[0-2])-(0[1-9]|[1-2][0-9]|3[0-1])[T,t]([0-1][0-9]|2[0-3]):[0-5][0-9]:([0-5][0-9]|60)([.][0-9]+)?([Zz]|[+-][0-9]{2}:[0-9]{2})$"
          },
          {
            "name": "end_date",
            "in": "query",
            "description": "Filters the transactions in the response by an end date and time, in [Internet date and time format](https://tools.ietf.org/html/rfc3339#section-5.6). Seconds are required. Fractional seconds are optional.",
            "type": "string",
            "minLength": 20,
            "maxLength": 64,
            "pattern": "^[0-9]{4}-(0[1-9]|1[0-2])-(0[1-9]|[1-2][0-9]|3[0-1])[T,t]([0-1][0-9]|2[0-3]):[0-5][0-9]:([0-5][0-9]|60)([.][0-9]+)?([Zz]|[+-][0-9]{2}:[0-9]{2})$"
          },
          {
            "name": "payment_instrument_type",
            "in": "query",
            "description": "Filters the transactions in the response by a payment instrument type. Value is either:<ul><li><code>CREDITCARD</code>. Returns a direct credit card transaction with a corresponding value.</li><li><code>DEBITCARD</code>. Returns a debit card transaction with a corresponding value.</li></ul>If you omit this parameter, the API does not apply this filter.",
            "type": "string",
            "required": false
          },
          {
            "name": "store_id",
            "in": "query",
            "description": "Filters the transactions in the response by a store ID.",
            "type": "string"
          },
          {
            "name": "terminal_id",
            "in": "query",
            "description": "Filters the transactions in the response by a terminal ID.",
            "type": "string"
          },
          {
            "name": "fields",
            "in": "query",
            "description": "Indicates which fields appear in the response. Value is a single field or a comma-separated list of fields. The <code>transaction_info</code> value returns only the transaction details in the response. To include all fields in the response, specify <code>fields=all</code>. Valid fields are:<ul><li><a href=\"/docs/api/transaction-search/v1/#definition-transaction_info\"><code>transaction_info</code></a>. The transaction information. Includes the ID of the PayPal account of the payee, the PayPal-generated transaction ID, the PayPal-generated base ID, the PayPal reference ID type, the transaction event code, the date and time when the transaction was initiated and was last updated, the transaction amounts including the PayPal fee, any discounts, insurance, the transaction status, and other information about the transaction.</li><li><a href=\"/docs/api/transaction-search/v1/#definition-payer_info\"><code>payer_info</code></a>. The payer information. Includes the PayPal customer account ID and the payer's email address, primary phone number, name, country code, address, and whether the payer is verified or unverified.</li><li><a href=\"/docs/api/transaction-search/v1/#definition-shipping_info\"><code>shipping_info</code></a>. The shipping information. Includes the recipient's name, the shipping method for this order, the shipping address for this order, and the secondary address associated with this order.</li><li><a href=\"/docs/api/transaction-search/v1/#definition-auction_info\"><code>auction_info</code></a>. The auction information. Includes the name of the auction site, the auction site URL, the ID of the customer who makes the purchase in the auction, and the date and time when the auction closes.</li><li><a href=\"/docs/api/transaction-search/v1/#definition-cart_info\"><code>cart_info</code></a>. The cart information. Includes an array of item details, whether the item amount or the shipping amount already includes tax, and the ID of the invoice for PayPal-generated invoices.</li><li><a href=\"/docs/api/transaction-search/v1/#definition-incentive_info\"><code>incentive_info</code></a>. An array of incentive detail objects. Each object includes the incentive, such as a special offer or coupon, the incentive amount, and the incentive program code that identifies a merchant loyalty or incentive program.</li><li><a href=\"/docs/api/transaction-search/v1/#definition-store_info\"><code>store_info</code></a>. The store information. Includes the ID of the merchant store and the terminal ID for the checkout stand in the merchant store.</li></ul>",
            "type": "string",
            "default": "transaction_info"
          },
          {
            "name": "balance_affecting_records_only",
            "in": "query",
            "description": "Indicates whether the response includes only balance-impacting transactions or all transactions. Value is either:<ul><li><code>Y</code>. The default. The response includes only balance transactions.</li><li><code>N</code>. The response includes all transactions.</li></ul>",
            "default": "Y",
            "type": "string"
          },
          {
            "name": "page_size",
            "in": "query",
            "description": "The number of items to return in the response. So, the combination of `page=1` and `page_size=20` returns the first 20 items. The combination of `page=2` and `page_size=20` returns the next 20 items.",
            "default": 100,
            "type": "integer",
            "minimum": 1,
            "maximum": 500
          },
          {
            "name": "page",
            "in": "query",
            "description": "The zero-relative start index of the entire list of items that are returned in the response. So, the combination of `page=1` and `page_size=20` returns the first 20 items.",
            "default": 1,
            "type": "integer",
            "minimum": 1,
            "maximum": 2147483647
          }
        ],
        "security": [
          {
            "Oauth2": [
              "https://uri.paypal.com/services/reporting/search/read"
            ]
          }
        ],
        "tags": [
          "transactions"
        ],
        "x-slo": {
          "response_time_95th_percentile": 5000,
          "error_rate": 0.1
        },
        "x-visibility": {
          "extent": "EXTERNAL"
        }
      }
    },
    "/balances": {
      "get": {
        "summary": "List all balances",
        "description": "List all balances. Specify date time to list balances for that time that appear in the response.<blockquote><strong>Notes:</strong> <ul><li>It takes a maximum of three hours for balances to appear in the list balances call.</li><li>This call lists balances upto the previous three years.</li></ul></blockquote>",
        "operationId": "balances.get",
        "responses": {
          "200": {
            "description": "A successful request returns the HTTP `200 OK` status code and a JSON response body that lists balances .",
            "schema": {
              "$ref": "balances_response.json"
            }
          },
          "400": {
            "description": "The request is not well-formed, is syntactically incorrect, or violates schema.",
            "schema": {
              "$ref": "common_components/v4/schema/json/openapi-2.0/error.json"
            }
          },
          "403": {
            "description": "Authorization failed due to insufficient permissions.",
            "schema": {
              "$ref": "common_components/v4/schema/json/openapi-2.0/error.json"
            }
          },
          "500": {
            "description": "An internal server error occurred.",
            "schema": {
              "$ref": "common_components/v4/schema/json/openapi-2.0/error.json"
            }
          },
          "default": {
            "description": "The error response.",
            "schema": {
              "$ref": "common_components/v4/schema/json/openapi-2.0/error.json"
            }
          }
        },
        "parameters": [
          {
            "name": "as_of_time",
            "in": "query",
            "description": "List balances in the response at the date time provided, will return the last refreshed balance in the system when not provided.",
            "type": "string",
            "minLength": 20,
            "maxLength": 64,
            "pattern": "^[0-9]{4}-(0[1-9]|1[0-2])-(0[1-9]|[1-2][0-9]|3[0-1])[T,t]([0-1][0-9]|2[0-3]):[0-5][0-9]:([0-5][0-9]|60)([.][0-9]+)?([Zz]|[+-][0-9]{2}:[0-9]{2})$"
          },
          {
            "name": "currency_code",
            "in": "query",
            "description": "Filters the transactions in the response by a [three-character ISO-4217 currency code](/docs/integration/direct/rest/currency-codes/) for the PayPal transaction currency.",
            "type": "string",
            "format": "ppaas_common_currency_code_v2",
            "minLength": 3,
            "maxLength": 3
          }
        ],
        "security": [
          {
            "Oauth2": [
              "https://uri.paypal.com/services/reporting/balances/read"
            ]
          }
        ],
        "tags": [
          "balances"
        ],
        "x-slo": {
          "response_time_95th_percentile": 5000,
          "error_rate": 0.1
        },
        "x-visibility": {
          "extent": "EXTERNAL"
        }
      }
    },
    "/partner-transactions": {
      "get": {
        "summary": "List partner transactions",
        "description": "Lists partner transactions. Specify one or more query parameters to filter the transaction that appear in the response.<blockquote><strong>Notes:</strong> <ul><li>It takes a maximum of six hours for executed transactions to appear in the list partner transactions call.</li></ul></blockquote>",
        "operationId": "partner.search.get",
        "responses": {
          "200": {
            "description": "A successful request returns the HTTP `200 OK` status code and a JSON response body that lists transactions .",
            "schema": {
              "$ref": "partner/partner_search_response.json"
            }
          },
          "400": {
            "description": "The request is not well-formed, is syntactically incorrect, or violates schema.",
            "schema": {
              "$ref": "common_components/v4/schema/json/openapi-2.0/error.json"
            }
          },
          "403": {
            "description": "Authorization failed due to insufficient permissions.",
            "schema": {
              "$ref": "common_components/v4/schema/json/openapi-2.0/error.json"
            }
          },
          "500": {
            "description": "An internal server error occurred.",
            "schema": {
              "$ref": "common_components/v4/schema/json/openapi-2.0/error.json"
            }
          },
          "default": {
            "description": "The error response.",
            "schema": {
              "$ref": "common_components/v4/schema/json/openapi-2.0/error.json"
            }
          }
        },
        "parameters": [
          {
            "name": "integration_id",
            "in": "query",
            "description": "Filter the transactions in the response for integration id (BNCODE). Value is a single integration id or a comma-separated list of integration ids.",
            "type": "string"
          },
          {
            "name": "account_id",
            "in": "query",
            "description": "Filter the transactions in the response for Merchant payer ID.",
            "type": "string",
            "minLength": 13,
            "maxLength": 13,
            "pattern": "^[2-9A-HJ-NP-Z]{13}$"
          },
          {
            "name": "start_time",
            "in": "query",
            "description": "Filters the transactions in the response by a start date and time, in [Internet date and time format](https://tools.ietf.org/html/rfc3339#section-5.6). Seconds are required. Fractional seconds are optional. The maximum supported date range between start_time and end_time is 31 days.",
            "type": "string",
            "minLength": 20,
            "maxLength": 64,
            "pattern": "^[0-9]{4}-(0[1-9]|1[0-2])-(0[1-9]|[1-2][0-9]|3[0-1])[T,t]([0-1][0-9]|2[0-3]):[0-5][0-9]:([0-5][0-9]|60)([.][0-9]+)?([Zz]|[+-][0-9]{2}:[0-9]{2})$"
          },
          {
            "name": "end_time",
            "in": "query",
            "description": "Filters the transactions in the response by an end date and time, in [Internet date and time format](https://tools.ietf.org/html/rfc3339#section-5.6). Seconds are required. Fractional seconds are optional. The maximum supported date range between start_time and end_time is 31 days.",
            "type": "string",
            "minLength": 20,
            "maxLength": 64,
            "pattern": "^[0-9]{4}-(0[1-9]|1[0-2])-(0[1-9]|[1-2][0-9]|3[0-1])[T,t]([0-1][0-9]|2[0-3]):[0-5][0-9]:([0-5][0-9]|60)([.][0-9]+)?([Zz]|[+-][0-9]{2}:[0-9]{2})$"
          },
          {
            "name": "page_size",
            "in": "query",
            "description": "The number of items to return in the response. So, the combination of `page=1` and `page_size=20` returns the first 20 items. The combination of `page=2` and `page_size=20` returns the next 20 items.",
            "default": 100,
            "type": "integer",
            "minimum": 1,
            "maximum": 500
          },
          {
            "name": "page",
            "in": "query",
            "description": "The zero-relative start index of the entire list of items that are returned in the response. So, the combination of `page=1` and `page_size=20` returns the first 20 items.",
            "default": 1,
            "type": "integer",
            "minimum": 1,
            "maximum": 2147483647
          }
        ],
        "security": [
          {
            "Oauth2": [
              "https://uri.paypal.com/services/reporting/search/read"
            ]
          }
        ],
        "tags": [
          "partner-transactions"
        ],
        "x-slo": {
          "response_time_95th_percentile": 5000,
          "error_rate": 0.1
        },
        "x-visibility": {
          "extent": "LIMITED_RELEASE"
        }
      }
    }
  },
  "tags": [
    {
      "name": "transactions",
      "description": "Use the `/transactions` resource to list transactions."
    },
    {
      "name": "partner-transactions",
      "description": "Use the `/partner-transactions` resource to list transactions."
    },
    {
      "name": "balances",
      "description": "Use the `/balances` resource to list balances."
    }
  ],
  "externalDocs": {
    "url": "https://developer.paypal.com/docs/integration/direct/transaction-search/"
  }
}
