{
    "type": "object",
    "title": "Auction Information",
    "description": "The auction information.",
    "x-visibility": {
        "extent": "EXTERNAL"
    },
    "properties": {
        "auction_site": {
            "type": "string",
            "description": "The name of the auction site.",
            "maxLength": 200
        },
        "auction_item_site": {
            "type": "string",
            "description": "The auction site URL.",
            "maxLength": 4000
        },
        "auction_buyer_id": {
            "type": "string",
            "description": "The ID of the buyer who makes the purchase in the auction. This ID might be different from the payer ID provided for the payment.",
            "maxLength": 500
        },
        "auction_closing_date": {
            "type": "string",
            "description": "The date and time when the auction closes, in [Internet date and time format](https://tools.ietf.org/html/rfc3339#section-5.6)."
        }
    }
}
