{
    "type": "object",
    "title": "Transaction Information",
    "description": "The transaction information.",
    "x-visibility": {
        "extent": "EXTERNAL"
    },
    "properties": {
        "paypal_account_id": {
            "type": "string",
            "description": "The ID of the PayPal account of the counterparty.",
            "maxLength": 24
        },
        "transaction_id": {
            "type": "string",
            "description": "The PayPal-generated transaction ID.",
            "readOnly": true,
            "maxLength": 24
        },
        "paypal_reference_id": {
            "type": "string",
            "description": "The PayPal-generated base ID. PayPal exclusive. Cannot be altered. Defined as a related, pre-existing transaction or event.",
            "maxLength": 24
        },
        "paypal_reference_id_type": {
            "type": "string",
            "description": "The PayPal reference ID type. Value is:<ul><li><code>ODR</code>. An order ID.</li><li><code>TXN</code>. A transaction ID.</li><li><code>SUB</code>. A subscription ID.</li><li><code>PAP</code>. A pre-approved payment ID.</li></ul>",
            "maxLength": 3,
            "minLength": 3
        },
        "transaction_event_code": {
            "type": "string",
            "description": "A five-digit transaction event code that classifies the transaction type based on money movement and debit or credit. For example, <code>T0001</code>. See [Transaction event codes](/docs/integration/direct/transaction-search/transaction-event-codes/)."
        },
        "transaction_initiation_date": {
            "type": "string",
            "description": "The date and time when work on a transaction began in the PayPal system, as expressed in the time zone of the account on this side of the payment. Specify the value in [Internet date and time format](https://tools.ietf.org/html/rfc3339#section-5.6).",
            "maxLength": 25
        },
        "transaction_updated_date": {
            "type": "string",
            "description": "The date and time when the transaction was last changed, as expressed in the time zone of the account on this side of the payment. Specify the value in [Internet date and time format](https://tools.ietf.org/html/rfc3339#section-5.6).",
            "maxLength": 25
        },
        "transaction_amount": {
            "$ref": "common_components/v3/schema/json/openapi-2.0/money.json",
            "description": "The all-inclusive gross transaction amount that was transferred between the sender and receiver through PayPal."
        },
        "fee_amount": {
            "$ref": "common_components/v3/schema/json/openapi-2.0/money.json",
            "description": "The PayPal fee amount. All transaction fees are included in this amount, which is the record of fee associated with the transaction.<blockquote><strong>Note:</strong> This field contains a value only when a transaction fee is applied and processed for this transaction.</blockquote>"
        },
        "discount_amount": {
            "$ref": "common_components/v3/schema/json/openapi-2.0/money.json",
            "description": "The reduction in price offered for goods or services purchased.<blockquote><strong>Note:</strong> This discount is for a price reduction that is offered for other than that at a individual item level.</blockquote>"
        },
        "insurance_amount": {
            "$ref": "common_components/v3/schema/json/openapi-2.0/money.json",
            "description": "An insurance charge. Guarantees the quality or delivery of a product."
        },
        "sales_tax_amount": {
            "$ref": "common_components/v3/schema/json/openapi-2.0/money.json",
            "description": "The PayPal- or merchant-reported sales tax amount for the transaction."
        },
        "shipping_amount": {
            "$ref": "common_components/v3/schema/json/openapi-2.0/money.json",
            "description": "The PayPal- or merchant-reported shipping amount for the transaction."
        },
        "shipping_discount_amount": {
            "$ref": "common_components/v3/schema/json/openapi-2.0/money.json",
            "description": "The discount on the shipping amount."
        },
        "shipping_tax_amount": {
            "$ref": "common_components/v3/schema/json/openapi-2.0/money.json",
            "description": "The tax on the shipping service."
        },
        "other_amount": {
            "$ref": "common_components/v3/schema/json/openapi-2.0/money.json",
            "description": "The special amount that is added to the transaction."
        },
        "tip_amount": {
            "$ref": "common_components/v3/schema/json/openapi-2.0/money.json",
            "description": "The tip."
        },
        "transaction_status": {
            "type": "string",
            "description": "A code that indicates the transaction status. Value is:<table><thead><tr><th>Status&nbsp;code</th><th>Description</th></tr></thead><tbody><tr><td><code>D</code></td><td>PayPal or merchant rules denied the transaction.</td></tr><tr><td><code>F</code></td><td>The original recipient partially refunded the transaction.</td></tr><tr><td><code>P</code></td><td>The transaction is pending. The transaction was created but waits for another payment process to complete, such as an ACH transaction, before the status changes to <code>S</code>.</td></tr><tr><td><code>S</code></td><td>The transaction successfully completed without a denial and after any pending statuses.</td></tr><tr><td><code>V</code></td><td>A successful transaction was reversed and funds were refunded to the original sender.</td></tr></tbody></table>"
        },
        "transaction_subject": {
            "type": "string",
            "description": "The subject of payment. The payer passes this value to the payee. The payer controls this data through the interface through which he or she sends the data.",
            "maxLength": 256
        },
        "transaction_note": {
            "type": "string",
            "description": "A special note that the payer passes to the payee. Might contain special customer requests, such as shipping instructions.",
            "maxLength": 4000
        },
        "payment_tracking_id": {
            "type": "string",
            "description": "The payment tracking ID, which is a unique ID that partners specify to either get information about a payment or request a refund.",
            "maxLength": 127
        },
        "bank_reference_id": {
            "type": "string",
            "description": "The bank reference ID. The bank provides this value for an ACH transaction.",
            "maxLength": 127
        },
        "ending_balance": {
            "$ref": "common_components/v3/schema/json/openapi-2.0/money.json",
            "description": "The ending balance.<blockquote><strong>Note:</strong> If you specify one or more optional query parameters, the <code>ending_balance</code> response field is empty.</blockquote>"
        },
        "available_balance": {
            "$ref": "common_components/v3/schema/json/openapi-2.0/money.json",
            "description": "The available amount of transaction currency during the completion of this transaction."
        },
        "invoice_id": {
            "type": "string",
            "description": "The invoice ID that is sent by the merchant with the transaction.<blockquote><strong>Note:</strong> If an invoice ID was sent with the capture request, the value is reported. Otherwise, the invoice ID of the authorizing transaction is reported.</blockquote>",
            "maxLength": 127
        },
        "custom_field": {
            "type": "string",
            "description": "The merchant-provided custom text.<blockquote><strong>Note:</strong> Usually, this field includes the unique ID for payments made with MassPay type transaction.</blockquote>",
            "maxLength": 127
        },
        "protection_eligibility": {
            "type": "string",
            "description": "Indicates whether the transaction is eligible for protection. Value is:<ul><li><code>01</code>. Eligible.</li><li><code>02</code>. Not eligible</li><li><code>03</code>. Partially eligible.</li></ul>"
        },
        "credit_term": {
            "type": "string",
            "description": "The credit term. The time span covered by the installment payments as expressed in the term length plus the length time unit code.",
            "maxLength": 25
        },
        "credit_transactional_fee": {
            "$ref": "common_components/v3/schema/json/openapi-2.0/money.json",
            "description": "The overall amount of the credit transaction fee."
        },
        "credit_promotional_fee": {
            "$ref": "common_components/v3/schema/json/openapi-2.0/money.json",
            "description": "The overall amount of the credit promotional fee."
        },
        "annual_percentage_rate": {
            "$ref": "common_components/v3/schema/json/openapi-2.0/percentage.json",
            "description": "The annual percentage rate (APR). Determines the amount of interest a consumer pays to finance a purchase at a merchant."
        },
        "payment_method_type": {
            "type": "string",
            "description": "The payment method that was used for a transaction. Value is <code>PUI</code>, <code>installment</code>, or <code>mEFT</code>.<blockquote><strong>Note:</strong> Appears only for pay upon invoice (PUI), installment, and mEFT transactions. Merchants and partners in the EMEA region can use this attribute to note transactions that attract turn-over tax.</blockquote>"
        },
        "instrument_type": {
            "type": "string",
            "description": "A high-level classification of the type of financial instrument that was used to fund a payment.",
            "x-visibility": {
                "extent": "INTERNAL"
            }
        },
        "instrument_sub_type": {
            "type": "string",
            "description": "A finer-grained classification of the financial instrument that was used to fund a payment. For example, `Visa card` or a `Mastercard` for a credit card.",
            "x-visibility": {
                "extent": "INTERNAL"
            }
        }
    }
}
